Ticker,Rank,Decile,Momentum,Volatility,marketCap,sector
DAR,1.0,1,0.2169632125277181,0.028161914182355363,6059072000, Consumer Staples
JBL,2.0,1,0.20669173567599608,0.024897869582217992,23112452096, Information Technology
ORCL,3.0,1,0.206599395808029,0.027214153180157862,597775220736, Information Technology
OLLI,4.0,1,0.19025958179403668,0.026570744774474683,8185356288, Consumer Discretionary
WDC,5.0,1,0.140829897798727,0.030533483044403842,22157242368, Information Technology
EL,6.0,1,0.13126249769294374,0.03232218902475989,28431200256, Consumer Staples
NUE,7.0,1,0.11508583345877477,0.026007248593479023,30138388480, Materials
DKNG,8.0,1,0.11483628171760052,0.030269716288204216,20958158848, Consumer Discretionary
NEM,9.0,1,0.11029820112448774,0.023375382697691457,65878466560, Materials
AYI,10.0,1,0.10856801063082488,0.021121059906619565,9400651776, Industrials
DDOG,11.0,1,0.10528532540625735,0.025653720941902255,45282680832, Information Technology
RCL,12.0,1,0.10423206480076952,0.028304353016330358,80351895552, Consumer Discretionary
KR,13.0,1,0.1030640010777022,0.016135371256499546,47116079104, Consumer Staples
GXO,14.0,1,0.10197068801964759,0.02917871169311347,5502409728, Industrials
DASH,15.0,1,0.10027546387453712,0.024514131516687406,101546008576, Consumer Discretionary
IONS,16.0,1,0.09919868164732115,0.026571293737953364,6331344896, Health Care
LNW,17.0,1,0.09803697458030447,0.02959096452383054,8070813184, Consumer Discretionary
FLS,18.0,1,0.09659690471715399,0.024296672282600663,6784347648, Industrials
GNRC,19.0,1,0.09654799581717755,0.02469444225523057,8407902208, Industrials
CCL,20.0,1,0.09635522229560234,0.03150815645566426,34324834304, Consumer Discretionary
SPOT,21.0,1,0.09414221223818808,0.027465522311402913,159102959616, Communication
ADM,22.0,1,0.09245942406612406,0.017192506960075602,25545525248, Consumer Staples
WHR,23.0,1,0.09223020499927448,0.02851347076892507,5307983872, Consumer Discretionary
RBLX,24.0,1,0.09181659560336786,0.02884219814458476,71219822592, Communication
BG,25.0,1,0.0904995590377844,0.018018795048449655,11061531648, Consumer Staples
BSY,26.0,1,0.09032526556875786,0.01777478921536984,15966942208, Information Technology
SCCO,27.0,1,0.08931919684696155,0.024517886459718603,84137672704, Materials
VAC,28.0,1,0.0884272841178535,0.030334205676392636,2533509632, Consumer Discretionary
FWONA,29.0,1,0.08839714488151773,0.017610069343937967,26003226624, Communication
PENN,30.0,1,0.08561239953534172,0.033134140815831506,2757296640, Consumer Discretionary
FCX,31.0,1,0.08412584501687137,0.028234266548753408,63853449216, Materials
MTSI,32.0,1,0.08324442057684256,0.032469639617563,10580589568, Information Technology
SNX,33.0,1,0.08317517681730591,0.02163982469689789,11223040000, Information Technology
EME,34.0,1,0.08285823893745103,0.026820323612647898,22870890496, Industrials
MSGS,35.0,1,0.08094538424436726,0.013947193218394275,4964918272, Communication
FWONK,36.0,1,0.0800351194363591,0.017139253320802055,25854547968, Communication
CAH,37.0,1,0.07868170342670289,0.013922041141417162,39527297024, Health Care
HEI-A,38.0,1,0.07810636177101538,0.018474875896939864,39099482112, Industrials
DINO,39.0,1,0.07746118644205158,0.024746838291027532,7835972096, Energy
EQT,40.0,1,0.07745043932984608,0.023635603702100265,34810101760, Energy
ILMN,41.0,1,0.07562260312254354,0.026806538384418703,14905528320, Health Care
UBER,42.0,1,0.07553708451391561,0.027603734884618928,194729754624, Industrials
CSCO,43.0,1,0.07415476438376745,0.014565054158139832,273041981440, Information Technology
SEB,44.0,1,0.07371169589416304,0.017602277207012185,2826828544, Consumer Staples
NFLX,45.0,1,0.07114637399998824,0.020364907946828104,556080889856, Communication
TKO,46.0,1,0.0706360844885392,0.01992442837203094,14400641024, Communication
LDOS,47.0,1,0.06975467445525863,0.01930644383541135,20038973440, Industrials
THC,48.0,1,0.06907870419125595,0.027458460058617476,16028235776, Health Care
ETN,49.0,1,0.06886501422064262,0.024079266118269327,136227184640, Industrials
EA,50.0,1,0.06805257008525012,0.01787958321153612,39633129472, Communication
JLL,51.0,1,0.06766318873355259,0.02233598284486018,12037982208, Real Estate
LRCX,52.0,1,0.06741035207941737,0.032906216267837275,123869978624, Information Technology
DKS,53.0,1,0.06697576944824535,0.028609865325505843,15679627264, Consumer Discretionary
WMB,54.0,1,0.06694059751806236,0.016678386847572023,76764897280, Energy
NWS,55.0,1,0.06691797567929747,0.014951304675659943,17563805696, Communication
PWR,56.0,1,0.06658609961967543,0.026579941188709013,56237076480, Industrials
NVT,57.0,1,0.06603496909705897,0.028790414515275062,12039830528, Industrials
ALNY,58.0,1,0.06587853946122957,0.027832439158041188,41495982080, Health Care
CI,59.0,1,0.06382974537007424,0.017543444502961605,88157192192, Health Care
BRKR,60.0,1,0.0633216418831195,0.028143223704980794,6391619584, Health Care
HEI,61.0,1,0.06317216381634627,0.01857659408465705,38904438784, Industrials
NET,62.0,1,0.06260085459744125,0.03253880485426979,66188644352, Information Technology
WWD,63.0,1,0.06221840725219696,0.022571991748746037,14729546752, Industrials
AMAT,64.0,1,0.06209856706551098,0.03061215669980724,147274432512, Information Technology
INGM,65.0,1,0.061349733931684414,0.0271904344439532,4875215872, Information Technology
HII,66.0,1,0.060490861391895745,0.027913228655211193,9410713600, Industrials
NWSA,67.0,1,0.059540954258590295,0.014663237231845136,17522745344, Communication
CRWD,68.0,1,0.05920581488515353,0.03194518876048963,125925072896, Information Technology
WYNN,69.0,1,0.058500947702991635,0.025769021065399786,9685882880, Consumer Discretionary
R,70.0,1,0.05838050202381062,0.020608505817873823,6565332480, Industrials
BIO,71.0,1,0.05769146634714173,0.02553654565250466,6591804416, Health Care
EXE,72.0,1,0.05738211368959978,0.017494650683760257,28240967680, Energy
GD,73.0,2,0.05641166237774242,0.01420091158842962,78207918080, Industrials
PLNT,74.0,2,0.05628976910532191,0.01956089867492583,9084425216, Consumer Discretionary
ESI,75.0,2,0.0561177242961739,0.022728946304336563,5567891456, Materials
HR,76.0,2,0.055668749082258495,0.014481025077865615,5521633792, Real Estate
DLTR,77.0,2,0.055514312788010445,0.03141974780755769,20752730112, Consumer Staples
CACI,78.0,2,0.05473458553481181,0.02118983018966871,10233532416, Industrials
TPR,79.0,2,0.05467891401471703,0.02669977299018809,17907032064, Consumer Discretionary
CPNG,80.0,2,0.05410179427680761,0.022822744323834177,54123331584, Consumer Discretionary
BLD,81.0,2,0.053680500441011025,0.02670771594122298,9174361088, Consumer Discretionary
ZBRA,82.0,2,0.0529335414667822,0.025371274647003037,15679397888, Information Technology
MSFT,83.0,2,0.05253695854253282,0.016041843837791055,3697317249024, Information Technology
BSX,84.0,2,0.05211267832654065,0.014189452901043273,154720878592, Health Care
SAIC,85.0,2,0.051637769294466285,0.0217712672997824,5116635136, Industrials
CAT,86.0,2,0.05160541245369932,0.01943828796213988,179603898368, Industrials
AWI,87.0,2,0.05022896168177615,0.016443148474870772,6973475840, Industrials
WCC,88.0,2,0.05008553940624383,0.028362008148197646,9082369024, Industrials
KMI,89.0,2,0.04978193710379375,0.01615392557750517,64215822336, Energy
DTM,90.0,2,0.04941762342436662,0.018812775748879754,11161803776, Energy
EMR,91.0,2,0.04933194694563947,0.02024886092333777,74660618240, Industrials
MTN,92.0,2,0.048916189805252364,0.020814808134021697,5839242752, Consumer Discretionary
CMG,93.0,2,0.047885682533224116,0.02147389493476524,73121226752, Consumer Discretionary
HAS,94.0,2,0.04736379779408395,0.02284968877238644,10132726784, Consumer Discretionary
MTZ,95.0,2,0.046961383928195044,0.028757359282285625,13456872448, Industrials
CRUS,96.0,2,0.046849179641294425,0.026415004089478635,5513552384, Information Technology
META,97.0,2,0.046833055762005804,0.02347386048540979,1825630060544, Communication
LLYVK,98.0,2,0.046775910428811684,0.021013250275533867,7278813184, Communication
ZS,99.0,2,0.04665517720062229,0.027918225813858256,48865189888, Information Technology
ST,100.0,2,0.04600905089762053,0.02969587742465197,4390162944, Industrials
APG,101.0,2,0.04551127369113739,0.021006508161092056,13927820288, Industrials
TXT,102.0,2,0.0453208160543066,0.017931397274640385,14490060800, Industrials
BWXT,103.0,2,0.04469802598690831,0.022332477182787486,12961342464, Industrials
LLYVA,104.0,2,0.0441848100453901,0.021330588437674148,7257496064, Communication
BJ,105.0,2,0.0438741408159411,0.018761333011536242,14986467328, Consumer Staples
APH,106.0,2,0.04385588745500235,0.023753975401238667,117307015168, Information Technology
ARMK,107.0,2,0.043067050928347506,0.018514111558264917,10980775936, Consumer Discretionary
AR,108.0,2,0.04258026815317306,0.02822668688285432,12697449472, Energy
LVS,109.0,2,0.042542991701848276,0.023694944232518972,30823110656, Consumer Discretionary
RRC,110.0,2,0.04251143871349816,0.02319247929390077,9776425984, Energy
AM,111.0,2,0.0424242685370384,0.016149976751189385,9066823680, Energy
HUBB,112.0,2,0.041826319287668445,0.02134804238883282,21629779968, Industrials
TNL,113.0,2,0.04182147430941319,0.02262495434912198,3419075072, Consumer Discretionary
FOX,114.0,2,0.041699924124665166,0.01672820188337681,24477196288, Communication
AA,115.0,2,0.041405725244768155,0.03274729599971616,7748936704, Materials
CWEN-A,116.0,2,0.041152289753730864,0.019399126459696135,6367281664, Utilities
PANW,117.0,2,0.04089714992131199,0.02263361064746098,134920306688, Information Technology
TOL,118.0,2,0.04058874180619476,0.02366971591847072,11175943168, Consumer Discretionary
EXEL,119.0,2,0.04006757989824905,0.026371804014217966,11750987776, Health Care
ALLE,120.0,2,0.03950990903133578,0.01576548660918951,12338608128, Industrials
LECO,121.0,2,0.037957334731162806,0.020879224678500872,11800563712, Industrials
CCK,122.0,2,0.03765143203108634,0.015867104022290385,12157144064, Materials
BALL,123.0,2,0.03750230041591518,0.016021148941058758,15810051072, Materials
IBM,124.0,2,0.03697784906351287,0.017632432141867924,271318859776, Information Technology
FOXA,125.0,2,0.03695573478599834,0.016749244439121774,24384925696, Communication
CVS,126.0,2,0.036822856421112826,0.023857760088415808,86198460416, Health Care
BYD,127.0,2,0.03644671614634043,0.017935121222449064,6330719232, Consumer Discretionary
CWEN,128.0,2,0.036140717893041296,0.01927051496069679,6370335232, Utilities
RPRX,129.0,2,0.0358296989145086,0.015394177413644607,19830204416, Health Care
HWM,130.0,2,0.03578540713234424,0.023965232011584438,71389749248, Industrials
TRGP,131.0,2,0.0356932359651585,0.02257190362611495,38145323008, Energy
KLAC,132.0,2,0.03548165417592464,0.030995702490574047,119405690880, Information Technology
HUM,133.0,2,0.03521182450114768,0.02760412712381567,28954249216, Health Care
KD,134.0,2,0.035174684696883673,0.02766678400498251,9671126016, Information Technology
COR,135.0,2,0.034677544710634445,0.012910087563009966,57484025856, Health Care
PNR,136.0,2,0.03457313110400584,0.019317322195423394,16887052288, Industrials
TRMB,137.0,2,0.034325859282372084,0.02177424990894589,17901182976, Information Technology
ITT,138.0,2,0.034129672666126876,0.019813794774734002,12399971328, Industrials
H,139.0,2,0.03341523893967713,0.022801244503442807,13255062528, Consumer Discretionary
GTES,140.0,2,0.03339349170639028,0.025234395474849566,5902956032, Industrials
VMI,141.0,2,0.03338402411665409,0.023758557833467534,6691270144, Industrials
TXN,142.0,2,0.03315135978893058,0.024792644792102088,187426848768, Information Technology
CNM,143.0,2,0.032561360298586584,0.026076328588734276,11689631744, Industrials
RBC,144.0,2,0.03221599675575537,0.018005774038157868,12202775552, Industrials
CBRE,145.0,3,0.031831386449607146,0.01978109722470862,41165316096, Real Estate
MSM,146.0,3,0.0316417005240206,0.019097627350712153,4723528192, Industrials
ARW,147.0,3,0.03110678404686973,0.019255983997957585,6654396416, Information Technology
CTVA,148.0,3,0.03094218629632861,0.01626484980694475,50685231104, Materials
RGLD,149.0,3,0.030934974970201035,0.017944422040872918,11844337664, Materials
URI,150.0,3,0.030724348554947545,0.024218563101030967,48233807872, Industrials
IRDM,151.0,3,0.030657652878745667,0.027365104810592303,3191801600, Communication
RNG,152.0,3,0.030540025444101504,0.02720923551487434,2502798336, Information Technology
LNG,153.0,3,0.030170197182513236,0.018822970813451186,53691928576, Energy
UHS,154.0,3,0.0298334180158224,0.021970497117291283,11433659392, Health Care
PH,155.0,3,0.029713467767259027,0.02159721029941019,88385323008, Industrials
XPO,156.0,3,0.029687386514413605,0.03125025651893636,14628094976, Industrials
VLTO,157.0,3,0.029630421436074084,0.013742828554440404,25063704576, Industrials
AN,158.0,3,0.02959645890533502,0.020658935048421975,7541350912, Consumer Discretionary
TDG,159.0,3,0.029546306276243994,0.017334269343188526,82670108672, Industrials
HCA,160.0,3,0.029391463391911232,0.01789264021994879,90855178240, Health Care
VVV,161.0,3,0.02917474821038346,0.019778321054584134,4708228608, Consumer Discretionary
PAG,162.0,3,0.02903455315765524,0.017854844707010105,11467644928, Consumer Discretionary
ADT,163.0,3,0.028781342042274005,0.02128404411620837,7026683904, Consumer Discretionary
PCOR,164.0,3,0.028480490722270435,0.02980183768286845,10127082496, Information Technology
INCY,165.0,3,0.028467670703135495,0.02202354021149538,13706691584, Health Care
ROIV,166.0,3,0.028368852488815266,0.019780221807841045,7885750272, Health Care
RVTY,167.0,3,0.028312701460845968,0.021946617822615082,11644377088, Health Care
NFG,168.0,3,0.028285781392071607,0.012988212354446914,7620287488, Utilities
HSIC,169.0,3,0.028254177023832483,0.017924243990416016,9144116224, Health Care
QGEN,170.0,3,0.02825341738731124,0.016140213480697392,10403350528, Health Care
JNPR,171.0,3,0.027855152019398588,0.009041892681256826,12338733056, Information Technology
UTHR,172.0,3,0.027561742986735638,0.021879143762682865,12814333952, Health Care
ADSK,173.0,3,0.02749605406270872,0.017035725804869607,65238245376, Information Technology
PEG,174.0,3,0.027471863479434422,0.014177290355844854,41431805952, Utilities
TWLO,175.0,3,0.027413468117794437,0.03174511423794932,18539204608, Information Technology
SCI,176.0,3,0.02714002231355228,0.015405208135659283,11568011264, Consumer Discretionary
FERG,177.0,3,0.02651248021448671,0.022764555731096668,43797712896, Industrials
SBAC,178.0,3,0.02647384626581628,0.01675587668844517,24787560448, Real Estate
BAH,179.0,3,0.026030750893867083,0.023949123270488315,12813947904, Industrials
MANH,180.0,3,0.025827916032092668,0.02912791159028225,11792067584, Information Technology
MKC,181.0,3,0.025651229827574396,0.014033369319595595,20799543296, Consumer Staples
EXP,182.0,3,0.025631155267730854,0.022469060739753487,6623746560, Materials
WAT,183.0,3,0.025603283287619405,0.023884470350717963,21120374784, Health Care
YUM,184.0,3,0.025381767636131647,0.013957269901393123,40874754048, Consumer Discretionary
CCCS,185.0,3,0.02533045130431777,0.017719101588260913,6135848448, Information Technology
DDS,186.0,3,0.02530832007028061,0.028122777676451816,6461842944, Consumer Discretionary
LYV,187.0,3,0.02514103142573143,0.018632267801330243,34116837376, Communication
SWKS,188.0,3,0.025130483915461355,0.03221206449435328,11207129088, Information Technology
PODD,189.0,3,0.025112482077586318,0.024714101478861206,21804253184, Health Care
COKE,190.0,3,0.024958374381822024,0.020577107379004433,9666274304, Consumer Staples
NEU,191.0,3,0.024894875603716393,0.01598613803049606,6423580160, Materials
MSA,192.0,3,0.02483948966532723,0.01454087066635644,6648986112, Industrials
TKR,193.0,3,0.024778529463731935,0.022189292125653192,5179360768, Industrials
GLW,194.0,3,0.024777006562867188,0.021246204625693186,44279549952, Information Technology
CGNX,195.0,3,0.024643327662826175,0.02800844352459061,5304534016, Information Technology
LII,196.0,3,0.024612028783290496,0.02098162684397444,20031524864, Industrials
SYK,197.0,3,0.024456827051061447,0.01387557192073302,149197209600, Health Care
TECH,198.0,3,0.024446998431340905,0.025846072009422398,8277297664, Health Care
MMM,199.0,3,0.024323970710753873,0.02280548796699527,81136164864, Industrials
EIX,200.0,3,0.024188686719932573,0.020594045891075587,19549859840, Utilities
CW,201.0,3,0.02398707243211673,0.021071776682408245,18195640320, Industrials
BKNG,202.0,3,0.023730987059243924,0.018591782370098085,182095511552, Consumer Discretionary
SGI,203.0,3,0.023652294595164047,0.021840638941186506,13902189568, Consumer Discretionary
WEN,204.0,3,0.023519204575776165,0.01945718350554036,2256293632, Consumer Discretionary
MRP,205.0,3,0.0231632760201399,0.03170635699896163,4692933120, Real Estate
RS,206.0,3,0.022786305143229546,0.017687523868758357,16546845696, Materials
AMT,207.0,3,0.022727972223886228,0.017140853939578125,101829378048, Real Estate
ISRG,208.0,3,0.022549395881490852,0.021673097930386305,191463309312, Health Care
PSN,209.0,3,0.02238481136380166,0.02464470935996811,7614843904, Industrials
GE,210.0,3,0.022319956142790476,0.021426832473623442,267663900672, Industrials
EW,211.0,3,0.02226050454488293,0.025754228145128757,45256192000, Health Care
OTIS,212.0,3,0.022222170684268017,0.013893269792811308,38488899584, Industrials
CSL,213.0,3,0.022207766619601,0.01964852245837342,16305742848, Industrials
BEPC,214.0,3,0.021929788656569915,0.023201463638313224,5853724160, Utilities
CZR,215.0,3,0.02186382145849275,0.030748350735573547,5929167872, Consumer Discretionary
NVST,216.0,3,0.021840878122304064,0.027135115957350492,3330419712, Health Care
DOV,217.0,4,0.02177064815101115,0.017447953430019477,25095516160, Industrials
RRX,218.0,4,0.021755786397733567,0.028998894985631345,9751332864, Industrials
RL,219.0,4,0.021743103503119476,0.02568876967782397,16566109184, Consumer Discretionary
VLO,220.0,4,0.021706726205462656,0.023633583676621803,42899828736, Energy
SUI,221.0,4,0.021607452985421993,0.016176544090773903,17034628096, Real Estate
WELL,222.0,4,0.021565429419013293,0.013704451042598903,100368547840, Real Estate
DPZ,223.0,4,0.021439146514339313,0.01958949639980211,15570294784, Consumer Discretionary
ATI,224.0,4,0.021337476797600452,0.029168769452141287,12086706176, Industrials
DVA,225.0,4,0.021133373435924474,0.01950648224060137,10663158784, Health Care
AVT,226.0,4,0.02092613841474744,0.019659212749567667,4418440704, Information Technology
IR,227.0,4,0.020913528329171704,0.019972776958120053,34270148608, Industrials
NTAP,228.0,4,0.020656755367022273,0.02392901810397644,20988338176, Information Technology
DIS,229.0,4,0.020565216019996946,0.01913227145578017,218354712576, Communication
ADI,230.0,4,0.020469639214997226,0.026401419323060508,117759655936, Information Technology
NBIX,231.0,4,0.02045583436404197,0.025844544523461653,12539956224, Health Care
IPG,232.0,4,0.020202000741265103,0.018027282544462876,8962376704, Communication
CCI,233.0,4,0.020093074334215366,0.0165352146168896,43698311168, Real Estate
NCLH,234.0,4,0.019916098652310144,0.03318188901389201,8694863872, Consumer Discretionary
GEHC,235.0,4,0.019890995287757507,0.021388028099046188,34277271552, Health Care
CRM,236.0,4,0.019778507930990452,0.02063071438581186,258827436032, Information Technology
DT,237.0,4,0.01967702606846755,0.02110391651138795,16460708864, Information Technology
J,238.0,4,0.01967574412117501,0.01545606609440461,15567411200, Industrials
OSK,239.0,4,0.01967331787028548,0.02586321714189881,7273516544, Industrials
CLH,240.0,4,0.019662559184316697,0.018212389384007245,12336702464, Industrials
TRU,241.0,4,0.019621331664175345,0.02629846633908846,17336586240, Industrials
TTWO,242.0,4,0.01955353254869152,0.019126522942527424,43770347520, Communication
FTI,243.0,4,0.019550573679479655,0.02603545134003623,14647896064, Energy
XYL,244.0,4,0.019524511277563272,0.015979665361609614,31513956352, Industrials
RMD,245.0,4,0.019294998539743036,0.01961407548881512,37567303680, Health Care
DHI,246.0,4,0.01874852986986575,0.021536443146294045,39058063360, Consumer Discretionary
AMZN,247.0,4,0.018386483231971784,0.021856049798999116,2305032716288, Consumer Discretionary
FTNT,248.0,4,0.01803571875935961,0.0265587005586011,79496110080, Information Technology
AKAM,249.0,4,0.01803294524477672,0.026168395855797954,11329945600, Information Technology
LOPE,250.0,4,0.01798268841229178,0.01817379936602116,5300640256, Consumer Discretionary
MSI,251.0,4,0.017842125478764848,0.014084607634935834,69315207168, Information Technology
EHC,252.0,4,0.01783767848667983,0.015902448919555272,12250867712, Health Care
CART,253.0,4,0.01743265767905422,0.027403160083454618,11717431296, Consumer Staples
KEX,254.0,4,0.017383583897761845,0.02036094479223416,6435230720, Industrials
MPC,255.0,4,0.017369127576484455,0.022682166265169553,51464495104, Energy
TDY,256.0,4,0.016919603722282295,0.014663163547157538,23742201856, Information Technology
JBHT,257.0,4,0.016891447735342124,0.021335842059033956,14212601856, Industrials
MGM,258.0,4,0.016852283509039445,0.028092156920823112,9195914240, Consumer Discretionary
ATR,259.0,4,0.016850958329704957,0.014118929825992575,10201966592, Materials
NSC,260.0,4,0.016631491048932023,0.018373884904204114,57603194880, Industrials
NTNX,261.0,4,0.016335886181422676,0.029921469780843635,20180836352, Information Technology
AVTR,262.0,4,0.016272138010776427,0.027226228455347463,9362848768, Health Care
UNP,263.0,4,0.016259073848563732,0.01484604917715549,137055010816, Industrials
HPE,264.0,4,0.015608735957067355,0.029163113552231237,24105482240, Information Technology
VTRS,265.0,4,0.015590239472093481,0.02288404545964945,10703961088, Health Care
HLT,266.0,4,0.015579384132050622,0.016082997089561277,61205368832, Consumer Discretionary
NNN,267.0,4,0.015304866788296234,0.0125697475636046,8104447488, Real Estate
MOS,268.0,4,0.015295779392709097,0.023075380072028723,11160186880, Materials
CNP,269.0,4,0.015265142114682773,0.012979323800168963,23876792320, Utilities
VNT,270.0,4,0.015242175639909261,0.02069343457416824,5516669952, Information Technology
KEYS,271.0,4,0.01501539963942311,0.023107094798195265,28387657728, Information Technology
MEDP,272.0,4,0.014852271743030165,0.027864323739398292,8817922048, Health Care
TT,273.0,4,0.014729551523054107,0.017762153328870593,95717097472, Industrials
SMG,274.0,4,0.014678363959522267,0.029228728262009843,3750320896, Materials
BLDR,275.0,4,0.014165816176424428,0.027659197479932552,12817529856, Industrials
PLTK,276.0,4,0.014155470297964268,0.028837190513596192,1797289344, Communication
EVRG,277.0,4,0.01407194368510245,0.01040560412697255,15752030208, Utilities
ARE,278.0,4,0.01393628376885192,0.018713693606540745,12837513216, Real Estate
PARAA,279.0,4,0.013749929645941128,0.013873086579740604,8661956608, Communication
MAR,280.0,4,0.013380431448773988,0.018113463262022317,73847840768, Consumer Discretionary
IPGP,281.0,4,0.012799692534395612,0.028627119312542672,2928088576, Information Technology
CHE,282.0,4,0.012790182776311276,0.015748735147301476,8132246528, Health Care
KNX,283.0,4,0.012362658236139135,0.022383491571868322,7165851136, Industrials
ALGN,284.0,4,0.012184655044659598,0.025512697920492197,13608296448, Health Care
JCI,285.0,4,0.012113576610387033,0.01986936204022653,68726431744, Industrials
VRSN,286.0,4,0.012078780134378464,0.013968789665474438,26593417216, Information Technology
PHM,287.0,4,0.012036656161737103,0.021558184058181502,20932597760, Consumer Discretionary
MDLZ,288.0,4,0.011949261960030766,0.01320743344541771,87724056576, Consumer Staples
AMED,289.0,5,0.011870371165171978,0.008041308952687865,3217305344, Health Care
TTEK,290.0,5,0.011787767509251257,0.02098563802289114,9499283456, Industrials
MAT,291.0,5,0.011428535758674974,0.02733763666416844,6287115776, Consumer Discretionary
STLD,292.0,5,0.0113050929362708,0.024593766220897983,19521701888, Materials
INFA,293.0,5,0.011212643630362562,0.02738415277316211,7388910592, Information Technology
AAPL,294.0,5,0.011168131775511014,0.020243453116184255,3002095632384, Information Technology
PINS,295.0,5,0.010935282535690094,0.03181197670313863,23769872384, Communication
PARA,296.0,5,0.010786506233902315,0.01933202977962194,8744292352, Communication
WAB,297.0,5,0.010779543278544024,0.01762192711798039,35301580800, Industrials
PCAR,298.0,5,0.010651896349129775,0.019113835797447798,49808109568, Industrials
NOC,299.0,5,0.010645727998194632,0.01644380949549172,71051493376, Industrials
INTU,300.0,5,0.010604753647025067,0.02058035244326509,215586979840, Information Technology
DG,301.0,5,0.01058771052029539,0.030111143043585753,24786597888, Consumer Staples
UGI,302.0,5,0.010467587229537223,0.016749050956442725,7730597376, Utilities
TSCO,303.0,5,0.010329346425875574,0.018378766426090806,27485724672, Consumer Discretionary
FND,304.0,5,0.010265252914777534,0.02798666932798734,8154382336, Consumer Discretionary
EOG,305.0,5,0.010090052559607265,0.018356938058428862,66111180800, Energy
THO,306.0,5,0.009563888425123679,0.025711675959691246,4687415296, Consumer Discretionary
USFD,307.0,5,0.009474947242318565,0.015518527938958093,17746857984, Consumer Staples
TTC,308.0,5,0.009382363461775567,0.019391110676361088,7002708480, Industrials
MPW,309.0,5,0.009376418187930335,0.0327193483456628,2703600128, Real Estate
LFUS,310.0,5,0.0093590819102769,0.025748305783679152,5597475840, Information Technology
GGG,311.0,5,0.009124926867865035,0.013965157473490733,14416891904, Industrials
EPR,312.0,5,0.009097278851501134,0.014014582183041576,4387631104, Real Estate
HXL,313.0,5,0.0090489410221819,0.020325941797763706,4572990464, Industrials
LAMR,314.0,5,0.009004360346456686,0.0165201639206174,12406596608, Real Estate
CASY,315.0,5,0.008968452339751298,0.018710234978831827,18739595264, Consumer Staples
SO,316.0,5,0.008933505249585583,0.011874265206064607,99402162176, Utilities
CDW,317.0,5,0.008705540707236947,0.02063608228112963,23345117184, Information Technology
BRX,318.0,5,0.008553702432989363,0.01545998722211805,7939196416, Real Estate
NTRA,319.0,5,0.008455287290451308,0.030413579055799892,22963109888, Health Care
HD,320.0,5,0.008433691996302173,0.014418408809755303,361656320000, Consumer Discretionary
HOLX,321.0,5,0.008206856058681877,0.017905314778214335,14509437952, Health Care
CSX,322.0,5,0.007735148587889151,0.016215743411420767,61184372736, Industrials
IRM,323.0,5,0.007088732776040718,0.020883106902368814,29772890112, Real Estate
NOW,324.0,5,0.007079331724211935,0.026115447815231594,209521819648, Information Technology
IDXX,325.0,5,0.0068679397752604565,0.020105461568303982,42445074432, Health Care
PPG,326.0,5,0.006813526488904875,0.017633341451372762,25825216512, Materials
CR,327.0,5,0.006644903751719333,0.023107362838568922,10801600512, Industrials
CTRA,328.0,5,0.006594261899380394,0.01880295309368915,19806623744, Energy
DCI,329.0,5,0.006547318015193149,0.014633287738082935,8149409280, Industrials
APPF,330.0,5,0.006408249323373916,0.026150194269111682,8260997632, Information Technology
SSD,331.0,5,0.006310993331927417,0.01956131949463171,6626078720, Industrials
AL,332.0,5,0.006241342032712538,0.023166759605695718,6486492672, Industrials
XOM,333.0,5,0.006220842744153243,0.01510310352845146,474017300480, Energy
RTX,334.0,5,0.006064456844773858,0.01669093405913981,190599970816, Industrials
FICO,335.0,5,0.006005521230090016,0.025071758539667047,44200632320, Information Technology
MCK,336.0,5,0.005907253366984833,0.01743739379857786,90180689920, Health Care
GFS,337.0,5,0.005706905967759912,0.03207766108328501,21514014720, Information Technology
SLGN,338.0,5,0.0056870552712631195,0.014865081243966636,5865356288, Materials
SPG,339.0,5,0.005635624123180971,0.01721442285443878,60568526848, Real Estate
KDP,340.0,5,0.005477793725879421,0.012023051057466047,44874596352, Consumer Staples
AMCR,341.0,5,0.005458536197354702,0.014537153018738622,21103241216, Materials
ESS,342.0,5,0.005346094434623527,0.0152858061834752,19866951680, Real Estate
NXST,343.0,5,0.005220987765351293,0.021841520298862827,5224201216, Communication
FYBR,344.0,5,0.0047025770890662955,0.02686468332730202,9088970752, Communication
REGN,345.0,5,0.004627891490644354,0.02390484222555995,56249765888, Health Care
VICI,346.0,5,0.004529325921117433,0.012308444029263595,34015494144, Real Estate
DOC,347.0,5,0.004179958682530627,0.014439772764796755,12143916032, Real Estate
AEP,348.0,5,0.004021934695856988,0.012298634172741053,54674857984, Utilities
SKX,349.0,5,0.003994886428334121,0.029763019559948624,9399557120, Consumer Discretionary
NI,350.0,5,0.00380135654736824,0.011933043925969139,18644545536, Utilities
ROK,351.0,5,0.0035995043053125286,0.022891832982203274,36769083392, Industrials
SOLV,352.0,5,0.002956505583678881,0.020980568340616002,12911959040, Health Care
ATO,353.0,5,0.0029513802363705377,0.01080668065174991,24289351680, Utilities
LMT,354.0,5,0.0028471041953381793,0.01565016415675549,107284135936, Industrials
SJM,355.0,5,0.0028162786620555824,0.01796381115533812,10239679488, Consumer Staples
APD,356.0,5,0.002799364192772158,0.01744574967838771,62979952640, Materials
S,357.0,5,0.0027840282270619188,0.03029771726087168,5988054528, Information Technology
NCNO,358.0,5,0.002564161323412195,0.026433452361242168,3173332736, Information Technology
NYT,359.0,5,0.0025121010371143004,0.015657666150477922,9109603328, Communication
HON,360.0,5,0.0024798403172032746,0.015414056148942219,145620533248, Industrials
WMT,361.0,6,0.00229638396973475,0.015181715082026476,766279942144, Consumer Staples
TMUS,362.0,6,0.002078443415886033,0.017077831781920728,262765838336, Communication
CMI,363.0,6,0.0019161433354815127,0.019652984925622657,44660174848, Industrials
FCN,364.0,6,0.001814499266944214,0.016986735270652323,5489691648, Industrials
AGCO,365.0,6,0.0017579871691451032,0.024946222860208863,7650368000, Industrials
GDDY,366.0,6,0.0015827187468249182,0.019837793971699692,25247449088, Information Technology
CARR,367.0,6,0.0015175631327630779,0.020697128778874717,62232129536, Industrials
ULTA,368.0,6,0.001509951286874589,0.02548990182612077,20569802752, Consumer Discretionary
KIM,369.0,6,0.0014292847533419195,0.015046989227210813,14219945984, Real Estate
DNB,370.0,6,0.0011025611045547556,0.020107910966451852,4053411840, Industrials
PEN,371.0,6,0.0010659045243506249,0.024615409738568086,9820113920, Health Care
SARO,372.0,6,0.0009759494752401565,0.025217244239741227,10291396608, Industrials
XEL,373.0,6,0.0009341917798337818,0.012980331933243274,39075557376, Utilities
CMCSA,374.0,6,0.0008527225422583218,0.017639366040445185,131463577600, Communication
ITW,375.0,6,0.0005271465630787286,0.013810369608212338,72388067328, Industrials
LHX,376.0,6,0.0005270397039669472,0.014240892789527221,46138273792, Industrials
DGX,377.0,6,0.00045203883481748086,0.013994233947712325,19766093824, Health Care
SSNC,378.0,6,0.000369261202433524,0.015825341225072957,20046219264, Industrials
GEN,379.0,6,0.00033968168140030564,0.01704982673076241,18265774080, Information Technology
LEA,380.0,6,0.00031913594996679784,0.02139274337677347,5027172864, Consumer Discretionary
MTD,381.0,6,0.00027668370836386735,0.021532371117998363,24800323584, Health Care
HES,382.0,6,0.00024333735990955674,0.018046530073401616,43335053312, Energy
ACM,383.0,6,8.91456016267611e-05,0.015983153793084483,14845495296, Industrials
ELS,384.0,6,-0.00031934308514414145,0.012941298419677179,12540344320, Real Estate
AMH,385.0,6,-0.0003411206134963374,0.013885459862189755,15188013056, Real Estate
CHDN,386.0,6,-0.0004968013015375083,0.018913834977648914,7266548736, Consumer Discretionary
DUK,387.0,6,-0.0008594626165236985,0.011457137495235687,90356129792, Utilities
PK,388.0,6,-0.0009495988092202978,0.022515160946878884,2102863872, Real Estate
FTV,389.0,6,-0.0011220452683096127,0.017128313814300973,24206395392, Industrials
VTR,390.0,6,-0.0012615993778571921,0.014178815610350315,28585641984, Real Estate
AZTA,391.0,6,-0.0012982476102579854,0.03141125461238863,1408647552, Health Care
MO,392.0,6,-0.0016691484402009404,0.012257582512560797,99028819968, Consumer Staples
LOW,393.0,6,-0.0016697218672625525,0.015528813066303559,123985698816, Consumer Discretionary
DD,394.0,6,-0.0017291461663337948,0.020585053923071774,28993611776, Materials
MASI,395.0,6,-0.00179622659023837,0.027644969075530018,9038866432, Health Care
MAS,396.0,6,-0.0018790938104894517,0.01945157057646882,13445443584, Industrials
CXT,397.0,6,-0.001975162477406478,0.02155521103014721,3188391168, Information Technology
NVR,398.0,6,-0.0022106117259320657,0.016695911970991236,21286768640, Consumer Discretionary
SNDR,399.0,6,-0.0023167202628272543,0.018843264575703473,4217040128, Industrials
CVX,400.0,6,-0.0023483653871894106,0.015792373117719232,250203308032, Energy
BWA,401.0,6,-0.0023753512568226443,0.020035179991906998,7382591488, Consumer Discretionary
A,402.0,6,-0.0025058724415208955,0.018642891133663738,33923041280, Health Care
PNW,403.0,6,-0.0026902574401136414,0.01126361451520624,10622928896, Utilities
SYY,404.0,6,-0.0028097282643146926,0.013519023311462014,36128567296, Consumer Staples
F,405.0,6,-0.0028142339024962437,0.023779152670038266,42270724096, Consumer Discretionary
ALK,406.0,6,-0.0028484883011038464,0.031663544195908826,5949470720, Industrials
CNH,407.0,6,-0.003091187260443662,0.023907807080267882,16117646336, Industrials
HIW,408.0,6,-0.0031847255632039273,0.016310649047709208,3441810432, Real Estate
ETR,409.0,6,-0.003530138893983903,0.01704355079831858,36536983552, Utilities
CSGP,410.0,6,-0.0035456768832520247,0.019892712977544576,34383790080, Real Estate
OC,411.0,6,-0.0035579835087192757,0.02283250483273366,11671753728, Industrials
DAL,412.0,6,-0.004067458932070944,0.031099403105091197,31975110656, Industrials
IQV,413.0,6,-0.004218335082927127,0.02195183156481859,27361681408, Health Care
AME,414.0,6,-0.0042549071017159434,0.01549701124721061,41516666880, Industrials
HPQ,415.0,6,-0.004431934395813131,0.02319053676253801,23209435136, Information Technology
OGE,416.0,6,-0.004525841920287044,0.01141140145682452,8856507392, Utilities
BR,417.0,6,-0.0047024755241851235,0.013291899692508838,28093626368, Industrials
PPL,418.0,6,-0.00473652614547071,0.01133083768951097,24854054912, Utilities
AEE,419.0,6,-0.004903507857958123,0.011764022134882866,25858662400, Utilities
CUZ,420.0,6,-0.004958665075380897,0.016726147711753757,5054903296, Real Estate
TGT,421.0,6,-0.005198268607254031,0.02541839708041951,44346122240, Consumer Staples
IAC,422.0,6,-0.005390753543607185,0.02352057395307521,2946162432, Communication
PFGC,423.0,6,-0.005420918198984159,0.017858522896753097,13459728384, Consumer Staples
UPS,424.0,6,-0.005535835979788906,0.020097703219006263,85187878912, Industrials
DLB,425.0,6,-0.0055821129833864,0.018258488888421187,7187673088, Information Technology
WPC,426.0,6,-0.0056836218737655875,0.013215209676651246,13791108096, Real Estate
CTAS,427.0,6,-0.005773041549024471,0.01578476281830243,89010806784, Industrials
HSY,428.0,6,-0.006248158480749444,0.017077935206436863,33834868736, Consumer Staples
TMO,429.0,6,-0.006269743569894293,0.017478827621288977,155572830208, Health Care
TSN,430.0,6,-0.006321085079876165,0.014091943729847133,19599994880, Consumer Staples
IDA,431.0,6,-0.006337935014754326,0.011652591747989199,6182668800, Utilities
MNST,432.0,6,-0.006390821615333775,0.015671389953861026,60650549248, Consumer Staples
PSX,433.0,7,-0.006448935915481346,0.022601596336666092,48961703936, Energy
FBIN,434.0,7,-0.006557380185027162,0.024990724015044676,6194643968, Industrials
REG,435.0,7,-0.006618803077930391,0.012545090473770832,12882227200, Real Estate
FDX,436.0,7,-0.006708604442853816,0.02345629500614491,52968153088, Industrials
XRAY,437.0,7,-0.006828094735197077,0.030189827270730003,3188687872, Health Care
ODFL,438.0,7,-0.006908858879592028,0.02459958062658223,34021212160, Industrials
FE,439.0,7,-0.006963411730218083,0.012784227686700919,23045838848, Utilities
D,440.0,7,-0.007018164329498089,0.014956017766672991,47057006592, Utilities
ACI,441.0,7,-0.007052168091304489,0.015936945316146835,11911470080, Consumer Staples
OHI,442.0,7,-0.007293367218396352,0.013183521512054163,10936983552, Real Estate
EXPD,443.0,7,-0.007426810806342665,0.01621381003808421,15557293056, Industrials
ROP,444.0,7,-0.007461900446340208,0.013437899478020762,60779302912, Information Technology
DRI,445.0,7,-0.007809973641487944,0.019275444659766806,25274105856, Consumer Discretionary
AVY,446.0,7,-0.007894046276244682,0.014636239076695333,13754996736, Materials
SWK,447.0,7,-0.007926037535547548,0.02771198092230623,10457050112, Industrials
QCOM,448.0,7,-0.008088746681036318,0.02684935644066619,173692616704, Information Technology
GILD,449.0,7,-0.008379234968452054,0.016404516666717335,133871747072, Health Care
GLPI,450.0,7,-0.008461301813656119,0.011550760328949212,12765992960, Real Estate
PTC,451.0,7,-0.008538050958287635,0.017244430928831527,20335982592, Information Technology
MTDR,452.0,7,-0.008567971842522892,0.028979891231935933,6084865536, Energy
GNTX,453.0,7,-0.008616718062721906,0.016569735953257118,4914193920, Consumer Discretionary
EXC,454.0,7,-0.008628795181098048,0.012114574895521868,42915540992, Utilities
LIN,455.0,7,-0.008707937455574966,0.011723041513282316,218632470528, Materials
MRK,456.0,7,-0.008724170110140261,0.017636810367076452,197944508416, Health Care
NKE,457.0,7,-0.009031844229307806,0.026210307957777536,92308414464, Consumer Discretionary
ANSS,458.0,7,-0.009032421129017365,0.016103158233263713,30190387200, Information Technology
STE,459.0,7,-0.00918005592522897,0.01397973647196065,23464433664, Health Care
WSC,460.0,7,-0.00921653066186423,0.031368164502143886,5097800704, Industrials
MLM,461.0,7,-0.009508111520633689,0.016165029925840405,32593903616, Materials
O,462.0,7,-0.009695248872349405,0.011419461645416453,51656175616, Real Estate
PFE,463.0,7,-0.00980391240220746,0.015005374087277482,137813360640, Health Care
STAG,464.0,7,-0.009876559748047908,0.015165805426453126,6879367168, Real Estate
OGN,465.0,7,-0.009920672839941802,0.033057043895017534,2594360832, Health Care
LINE,466.0,7,-0.009933791843671824,0.022301876129825288,11256497152, Real Estate
SNPS,467.0,7,-0.010045331154385773,0.026028736924844382,76913303552, Information Technology
RARE,468.0,7,-0.010397211599568412,0.026256932651264928,3509399040, Health Care
WMS,469.0,7,-0.010930818069820547,0.024705865536265498,8992346112, Industrials
PVH,470.0,7,-0.010942267284346108,0.03168668148786581,3128597504, Consumer Discretionary
FR,471.0,7,-0.011086458985968717,0.015625575916028932,6695905280, Real Estate
LH,472.0,7,-0.011425278250565052,0.015266767113657256,21509226496, Health Care
CDNS,473.0,7,-0.011425812585122874,0.026761280570559206,82920120320, Information Technology
HRB,474.0,7,-0.01146498743163138,0.0182501931550365,7272361472, Consumer Discretionary
AOS,475.0,7,-0.01161549950612406,0.01683615878620787,9190188032, Industrials
AVB,476.0,7,-0.011668386180208712,0.013902336946532777,29061580800, Real Estate
TYL,477.0,7,-0.011711468525519741,0.016455757953767754,24890884096, Information Technology
LBRDK,478.0,7,-0.011850626613759019,0.02989860727699142,13358039040, Communication
ABT,479.0,7,-0.01190124648787294,0.013212160421687337,232564408320, Health Care
T,480.0,7,-0.011997182454384858,0.014607283609502093,201620717568, Communication
CMS,481.0,7,-0.011999947684151802,0.011066308745598696,20687417344, Utilities
INVH,482.0,7,-0.012004847825405007,0.01425451663969779,20178280448, Real Estate
LBRDA,483.0,7,-0.012045595169237422,0.030930806203463217,13400878080, Communication
MOH,484.0,7,-0.012083353531988639,0.02835740966571835,15775452160, Health Care
IP,485.0,7,-0.01210712589958951,0.021947650694381572,24552722432, Materials
PPC,486.0,7,-0.012414129144624919,0.022097432800768313,10563829760, Consumer Staples
AXTA,487.0,7,-0.012875578910832797,0.01985149928945479,6534914048, Materials
PEP,488.0,7,-0.012932969628312807,0.012332329780390687,175799877632, Consumer Staples
FFIV,489.0,7,-0.012974215987213267,0.01985423235652312,16602901504, Information Technology
MHK,490.0,7,-0.01298825921347213,0.026761713494560333,6461927424, Consumer Discretionary
LNT,491.0,7,-0.013250472094519572,0.01209259100533625,15494760448, Utilities
LPX,492.0,7,-0.013258430395233445,0.021232750666682915,6111314944, Materials
MIDD,493.0,7,-0.01335973433420834,0.02423150467061018,7741447168, Industrials
DBX,494.0,7,-0.013394467989924164,0.019835095662214978,7645076480, Information Technology
SRE,495.0,7,-0.013687824027089124,0.019303698868129566,48873619456, Utilities
REXR,496.0,7,-0.013904093020372876,0.018960391506704307,8875574272, Real Estate
COST,497.0,7,-0.013914861599030659,0.014198709683094066,435897958400, Consumer Staples
DV,498.0,7,-0.01404682547332392,0.03255174629457765,2395294208, Communication
RSG,499.0,7,-0.014179842872094506,0.011482151114519543,76474261504, Industrials
GM,500.0,7,-0.014236998188879357,0.02354574824551227,47264145408, Consumer Discretionary
CHTR,501.0,7,-0.01445758687250287,0.02537228144145142,54426177536, Communication
EPAM,502.0,7,-0.01461095143448432,0.026421928320236845,9857569792, Information Technology
CHRW,503.0,7,-0.014696546444684433,0.018594606544859664,11064542208, Industrials
PM,504.0,7,-0.014778816203524614,0.015814698664249366,281200885760, Consumer Staples
TXRH,505.0,8,-0.014959527328455957,0.018139169979437576,12275205120, Consumer Discretionary
ECL,506.0,8,-0.015098508120476084,0.013200942319679878,74634797056, Materials
LEN,507.0,8,-0.015156972568665883,0.020691515684754525,28786032640, Consumer Discretionary
SFD,508.0,8,-0.015247801823169982,0.022250198959205155,9139876864, Consumer Staples
ZM,509.0,8,-0.015353179649586712,0.02073798200217721,23284092928, Information Technology
LSTR,510.0,8,-0.015407725382899473,0.017120496858625777,4801258496, Industrials
PATH,511.0,8,-0.01542018543928314,0.029397878948982766,6832448512, Information Technology
AWK,512.0,8,-0.015575011961453833,0.01484779446059429,26993561600, Utilities
BDX,513.0,8,-0.01592172290738947,0.017649228776075394,48714592256, Health Care
DHR,514.0,8,-0.015924162208857284,0.018854470387390108,144178888704, Health Care
VMC,515.0,8,-0.015931386871550823,0.017116001774006958,33945442304, Materials
EQR,516.0,8,-0.016258007122188833,0.0145565423106743,26417874944, Real Estate
HST,517.0,8,-0.01628054004599011,0.019002353772802336,11045890048, Real Estate
NDSN,518.0,8,-0.016345559666509857,0.018253210598344328,12144327680, Industrials
SW,519.0,8,-0.016363196461395724,0.02499563060949605,22279514112, Materials
LLY,520.0,8,-0.01668293797844944,0.02446666331645098,713807822848, Health Care
FRT,521.0,8,-0.016794554861682576,0.014876234742615065,8238551552, Real Estate
CHH,522.0,8,-0.01679701027425895,0.017414527368979457,5893677056, Consumer Discretionary
KMX,523.0,8,-0.017101631000963513,0.02421641083705306,10039302144, Consumer Discretionary
DTE,524.0,8,-0.01734378896414579,0.011777625989308486,27300804608, Utilities
FLO,525.0,8,-0.017769547402055497,0.013423916754123542,3384542208, Consumer Staples
UDR,526.0,8,-0.01804185724094154,0.01417792160349527,15388976128, Real Estate
PR,527.0,8,-0.01806757840765283,0.027557191666596922,11134190592, Energy
BKR,528.0,8,-0.01819111213626967,0.022236726542792486,37965541376, Energy
LBTYK,529.0,8,-0.018482449933720613,0.03260860782762495,3435826944, Communication
UNH,530.0,8,-0.018649442205057265,0.027958038558701097,274518687744, Health Care
LBTYA,531.0,8,-0.018962128281182045,0.03274584178404062,3436361728, Communication
VRSK,532.0,8,-0.019011659029507855,0.013267249019978972,42682806272, Industrials
GRMN,533.0,8,-0.01903127668628113,0.025494386917360744,39499784192, Consumer Discretionary
OKE,534.0,8,-0.019059129094966987,0.0197301885546431,50795073536, Energy
POOL,535.0,8,-0.019067941233470442,0.02106001571681432,11062763520, Consumer Discretionary
FMC,536.0,8,-0.019103937440701713,0.03285671427635887,5387325440, Materials
TJX,537.0,8,-0.01919215781800665,0.01194729411535671,136261820416, Consumer Discretionary
MAA,538.0,8,-0.01928700375573633,0.013298675217339075,17712601088, Real Estate
ORLY,539.0,8,-0.019775566459856786,0.013019234153772132,75422711808, Consumer Discretionary
VRTX,540.0,8,-0.01998056868566256,0.017914114480019755,113863786496, Health Care
RBA,541.0,8,-0.020083715488784182,0.016276064666597163,19517384704, Industrials
EXR,542.0,8,-0.020133858908698454,0.015754341911309165,32270940160, Real Estate
SITE,543.0,8,-0.02029098277089003,0.024304235367571318,5430463488, Industrials
COLM,544.0,8,-0.020323893118456837,0.022339988428196737,3403908864, Consumer Discretionary
ELV,545.0,8,-0.020344945656710745,0.018595009303338884,84314423296, Health Care
MDU,546.0,8,-0.020347105470209348,0.017294702920941117,3344898816, Utilities
ADC,547.0,8,-0.02066006032482548,0.011374189978751087,8056717824, Real Estate
TDC,548.0,8,-0.020730102782794968,0.026941397254184058,2077387904, Information Technology
INGR,549.0,8,-0.02075795769719635,0.016253085175871144,8707065856, Consumer Staples
EGP,550.0,8,-0.02086115645468334,0.014540662031562913,8848928768, Real Estate
JNJ,551.0,8,-0.02093262987882505,0.011919162594099598,365746683904, Health Care
LAD,552.0,8,-0.02116356489161364,0.02385629015262726,8584110592, Consumer Discretionary
MDT,553.0,8,-0.021349049574604484,0.013487183325744695,110418993152, Health Care
WEC,554.0,8,-0.021405589098651867,0.01099194864483011,32972926976, Utilities
PG,555.0,8,-0.02146687875169151,0.012145756832027526,371914375168, Consumer Staples
GOOGL,556.0,8,-0.021483014864735805,0.02010884958851434,2110367858688, Communication
IT,557.0,8,-0.021523564441316534,0.01557001594607815,31140806656, Information Technology
PCG,558.0,8,-0.021542766658830925,0.017700584187790646,30943336448, Utilities
HRL,559.0,8,-0.021985137357466877,0.01364411903776773,16634322944, Consumer Staples
CRH,560.0,8,-0.02206853420972521,0.020902496990762413,60005482496, Materials
REYN,561.0,8,-0.022068944470635787,0.014687205194023499,4473570304, Consumer Staples
SEE,562.0,8,-0.022128245686509063,0.021200370307816692,4613052416, Materials
NOV,563.0,8,-0.022192866502793618,0.026367592845712967,4884593664, Energy
WH,564.0,8,-0.022214059716277434,0.020348179378511126,6216016384, Consumer Discretionary
TPL,565.0,8,-0.022327122822257683,0.03233397014454191,24721690624, Energy
PKG,566.0,8,-0.022456001565618222,0.015624344953397913,16884746240, Materials
DOX,567.0,8,-0.022780719287892714,0.012555385855359409,10162080768, Information Technology
CHRD,568.0,8,-0.02291504547660872,0.024642354741795977,5737939456, Energy
ROL,569.0,8,-0.02298651227774906,0.013778341195972871,26985091072, Industrials
OKTA,570.0,8,-0.022998856350445296,0.03139097137982631,17179912192, Information Technology
TFX,571.0,8,-0.02359761052374265,0.023607450458165948,5284120576, Health Care
DE,572.0,8,-0.023634950160210777,0.018204295607068308,137723658240, Industrials
KHC,573.0,8,-0.023845539702775587,0.01414006468036302,30523496448, Consumer Staples
LEN-B,574.0,8,-0.023945422320620358,0.020801230955795644,28861333504, Consumer Discretionary
AZEK,575.0,8,-0.023963119577152914,0.02494358733558825,7617069568, Industrials
CUBE,576.0,8,-0.02400740819145486,0.015360712401467181,9688419328, Real Estate
COO,577.0,9,-0.0242228475481997,0.020502877197709244,13904060416, Health Care
OLED,578.0,9,-0.024382466691389104,0.03273380688245981,7433081856, Information Technology
GOOG,579.0,9,-0.024386155680278354,0.019959313981684084,2111161106432, Communication
MUSA,580.0,9,-0.024571984908259625,0.017956672709988974,7993764864, Consumer Discretionary
ABBV,581.0,9,-0.024595335320455325,0.017608204238973024,329945841664, Health Care
ADP,582.0,9,-0.02521411457074829,0.012171522352941146,122986553344, Industrials
HAYW,583.0,9,-0.025477682502587196,0.02300326151036526,2978285824, Industrials
VEEV,584.0,9,-0.02550679488104224,0.02252270305953021,45949820928, Health Care
WSO,585.0,9,-0.025526580707326607,0.02009520671963987,17751853056, Industrials
CPT,586.0,9,-0.026315758695931057,0.013789869963990087,12214789120, Real Estate
COP,587.0,9,-0.026352427688090763,0.02086173180278295,114740445184, Energy
ZBH,588.0,9,-0.02652801418367945,0.016662777588501078,18150574080, Health Care
GPK,589.0,9,-0.02663802423364614,0.01829398404807178,6385241600, Materials
Z,590.0,9,-0.026715430996945733,0.030833386386516542,16628720640, Real Estate
JAZZ,591.0,9,-0.027058804197009345,0.021230918665018434,6505537536, Health Care
NEE,592.0,9,-0.027534275838773548,0.01817213539851028,146142134272, Utilities
SON,593.0,9,-0.028337366198453395,0.0170825049265044,4328782848, Materials
OMC,594.0,9,-0.028376558587398404,0.0181378602091005,13947297792, Communication
BAX,595.0,9,-0.028662408581659693,0.020987791773924534,15651837952, Health Care
PLD,596.0,9,-0.02869634347558403,0.01833892674971061,96866197504, Real Estate
DLR,597.0,9,-0.028831962086676377,0.01803094665237954,58193281024, Real Estate
PSA,598.0,9,-0.02890697345547899,0.014761063849033107,50624126976, Real Estate
KO,599.0,9,-0.02922245976910276,0.010709749236070702,299017633792, Consumer Staples
PRGO,600.0,9,-0.02922912385382248,0.02242393987952192,3652763648, Health Care
KRC,601.0,9,-0.02945309977043331,0.021841373193995088,4132312320, Real Estate
SPB,602.0,9,-0.029459950848053862,0.020024262074113976,1309411584, Consumer Staples
WTRG,603.0,9,-0.02965872174996287,0.01410495073340837,10364095488, Utilities
SPR,604.0,9,-0.030231948910693585,0.01705249839704596,4365440000, Industrials
PINC,605.0,9,-0.03066669040256076,0.019735021471046783,1927925376, Health Care
CNC,606.0,9,-0.03075811016572294,0.021474262998997695,26656593920, Health Care
ABNB,607.0,9,-0.03143558173719874,0.0262714722037848,82533720064, Consumer Discretionary
NSA,608.0,9,-0.0314609578077768,0.017549490047239793,4726431744, Real Estate
FAST,609.0,9,-0.03165304198170338,0.01617033662710554,47381008384, Industrials
APTV,610.0,9,-0.032055847296461826,0.025337067495446043,14792577024, Consumer Discretionary
WM,611.0,9,-0.032310351625579825,0.012501310990606956,91233943552, Industrials
ENOV,612.0,9,-0.03239357606814097,0.026082465913257274,1842791168, Health Care
GMED,613.0,9,-0.03256578235332319,0.023243931070692437,7962993152, Health Care
POST,614.0,9,-0.03360967018460859,0.011881773435522828,6039896576, Consumer Staples
ZG,615.0,9,-0.03383301418032647,0.031579246553488226,16608131072, Real Estate
KVUE,616.0,9,-0.033867265821456605,0.01759921468144313,40529301504, Consumer Staples
K,617.0,9,-0.03418699785150414,0.012893726475996825,27345731584, Consumer Staples
GPC,618.0,9,-0.03438771604396662,0.020781577417561106,16524337152, Consumer Discretionary
BFAM,619.0,9,-0.034604292066236164,0.021292182736211997,6900179456, Consumer Discretionary
SNA,620.0,9,-0.03482792898858755,0.016169218269580666,16186678272, Industrials
ES,621.0,9,-0.03508776422087645,0.015303813346260164,23237101568, Utilities
UHAL-B,622.0,9,-0.0351733063594829,0.018393297783846095,10399029248, Industrials
MTCH,623.0,9,-0.03551048848200933,0.025540602236929087,7459744256, Communication
G,624.0,9,-0.03660204328589767,0.021457446823015106,7387551744, Industrials
BF-A,625.0,9,-0.03703699385389303,0.02205662931030516,12468392960, Consumer Staples
SBUX,626.0,9,-0.03721567328307429,0.0261366469056481,104366972928, Consumer Discretionary
IEX,627.0,9,-0.037233128424990936,0.017389504876225183,13322290176, Industrials
AZO,628.0,9,-0.03726574571496544,0.013687434383033222,58922663936, Consumer Discretionary
OXY,629.0,9,-0.03746655440363156,0.021469103382459515,42475180032, Energy
VZ,630.0,9,-0.037494356227998904,0.014058642711558132,177504124928, Communication
EXPE,631.0,9,-0.0376183013901239,0.027776227205758435,21203783680, Consumer Discretionary
CTSH,632.0,9,-0.037941787105935654,0.015730878398566087,38247370752, Information Technology
WY,633.0,9,-0.038011728520717325,0.01700985642998727,19089184768, Real Estate
RYN,634.0,9,-0.03824906254200788,0.014319454118153378,3580355584, Real Estate
EMN,635.0,9,-0.03849235375110627,0.020246551912951022,8792279040, Materials
OVV,636.0,9,-0.03941862369460114,0.028496790764732563,10062635008, Energy
UHAL,637.0,9,-0.03962258967807675,0.017418529842621787,10373949440, Industrials
MAN,638.0,9,-0.0401038166411154,0.025620819473207122,1883230848, Industrials
ED,639.0,9,-0.040370543797633496,0.012759070638227303,35456729088, Utilities
BURL,640.0,9,-0.040541139009757865,0.024575360754471535,14452532224, Consumer Discretionary
HHH,641.0,9,-0.041203299327016496,0.0204180034209701,3994239744, Real Estate
ESAB,642.0,9,-0.04141636107177915,0.02245949021503893,7352345088, Industrials
CHD,643.0,9,-0.04167504860755844,0.013108597428866274,23388925952, Consumer Staples
BRBR,644.0,9,-0.04247493223968468,0.023316800308098705,7271847936, Consumer Staples
ASH,645.0,9,-0.042605114672895406,0.023003661778242732,2330876416, Materials
SHW,646.0,9,-0.042729565023897575,0.015762527271729176,85672960000, Materials
AMGN,647.0,9,-0.043521511645539745,0.016467986333436633,150079111168, Health Care
LYB,648.0,9,-0.044502576137757544,0.02015193187582011,18769760256, Materials
CPRT,649.0,10,-0.0447524420105585,0.01689787327394807,46644994048, Industrials
PII,650.0,10,-0.044761930193219834,0.0310185042075122,2254655744, Consumer Discretionary
HUBS,651.0,10,-0.044998861915742205,0.027189063165088068,28887547904, Information Technology
BBY,652.0,10,-0.045012288632905406,0.027060494921812058,14462476288, Consumer Discretionary
KMB,653.0,10,-0.045239062773862804,0.012244755959808081,42087538688, Consumer Staples
STZ,654.0,10,-0.04566958275280153,0.01861757043062152,28722544640, Consumer Staples
BIIB,655.0,10,-0.04614459268229476,0.017905301764728945,18597332992, Health Care
LW,656.0,10,-0.04626146332935033,0.03123432763390222,7505959936, Consumer Staples
BC,657.0,10,-0.046891093868021705,0.027085490022601338,3644772096, Consumer Discretionary
CL,658.0,10,-0.046900441496020684,0.012941274734430354,71146766336, Consumer Staples
BF-B,659.0,10,-0.047636344216086646,0.02281249454617282,12488492032, Consumer Staples
CF,660.0,10,-0.047773997526454726,0.020205208730426305,14692686848, Materials
PCTY,661.0,10,-0.04793636114128985,0.020085103026195,9784564736, Industrials
DXC,662.0,10,-0.048215431740060266,0.025270953305343537,2763512064, Information Technology
YETI,663.0,10,-0.04823866857260284,0.029445664962420116,2483636992, Consumer Discretionary
RPM,664.0,10,-0.04934410802761291,0.017236453621442133,14053328896, Materials
COLD,665.0,10,-0.0501125776001452,0.01991540447000211,4819101184, Real Estate
WLK,666.0,10,-0.05100391373941737,0.02286343468378222,9758911488, Materials
DVN,667.0,10,-0.05109767341403304,0.02553949562160484,20855406592, Energy
IFF,668.0,10,-0.051232795663703756,0.01725600603602172,18907996160, Materials
HOG,669.0,10,-0.05124094486601749,0.025209021675715725,2879265792, Consumer Discretionary
SLB,670.0,10,-0.05211535072075768,0.022430319028553667,45702979584, Energy
MCD,671.0,10,-0.0533275761394455,0.012403558672296863,204234883072, Consumer Discretionary
BA,672.0,10,-0.053364477424978074,0.024630634333701766,152746541056, Industrials
LUV,673.0,10,-0.053404078845770475,0.025112264249318846,17962176512, Industrials
BMRN,674.0,10,-0.05353396398634802,0.021835608541616175,10375080960, Health Care
CRI,675.0,10,-0.05364339665849083,0.03172059648843591,1112185472, Consumer Discretionary
EBAY,676.0,10,-0.053929084442255304,0.017854939221710147,33954985984, Consumer Discretionary
FANG,677.0,10,-0.054055890080157876,0.025003396061787777,41157705728, Energy
DECK,678.0,10,-0.055591586982625674,0.03280974901862948,15232011264, Consumer Discretionary
TREX,679.0,10,-0.05587869195354389,0.029272611451149046,5743078400, Industrials
WDAY,680.0,10,-0.05629373751641231,0.022508177394233473,63239237632, Information Technology
EFX,681.0,10,-0.05727441271365674,0.021335757051134604,31788734464, Industrials
SHC,682.0,10,-0.05804317898702871,0.024894901324929698,3224592896, Health Care
AES,683.0,10,-0.05836229523830727,0.02915669608359341,7695887872, Utilities
GWW,684.0,10,-0.05854651189767657,0.014250062830704742,48782843904, Industrials
LKQ,685.0,10,-0.05865925115886683,0.018918015262416328,9569546240, Consumer Discretionary
RHI,686.0,10,-0.05886363983154297,0.021352542113724123,4230611200, Industrials
APA,687.0,10,-0.0591534834935078,0.032969524013905536,6657590272, Energy
GWRE,688.0,10,-0.06333002944292121,0.02391895884638602,19774926848, Information Technology
ZTS,689.0,10,-0.06336805404251489,0.01652062864482894,69358952448, Health Care
CLX,690.0,10,-0.06534135799473939,0.013595228181764599,14545086464, Consumer Staples
ADBE,691.0,10,-0.0675564004899194,0.021535602959476444,164065689600, Information Technology
HAL,692.0,10,-0.06985133425437329,0.02525536807552301,17744517120, Energy
BMY,693.0,10,-0.069976043305636,0.019715156063633308,94936481792, Health Care
GIS,694.0,10,-0.07117832644171884,0.013830461064240943,27321341952, Consumer Staples
M,695.0,10,-0.07132297886381722,0.031524862819743725,3019524864, Consumer Discretionary
BXP,696.0,10,-0.07152645903800425,0.020125249777553946,11976107008, Real Estate
ROST,697.0,10,-0.07163279336305883,0.016266179835146364,41413730304, Consumer Discretionary
OLN,698.0,10,-0.07247706325695713,0.031007085079260796,2328049920, Materials
ACN,699.0,10,-0.0724892380175104,0.016982833098941233,184414306304, Information Technology
CPB,700.0,10,-0.0730539619740943,0.015640617480563297,9230103552, Consumer Staples
KBR,701.0,10,-0.07744996769655133,0.020400703217426996,6360955904, Industrials
VNOM,702.0,10,-0.07973263789097229,0.023670423384231525,11122677760, Energy
ALSN,703.0,10,-0.08014854016144402,0.020743221965510233,7929219072, Industrials
LULU,704.0,10,-0.08205167690028115,0.030491846721517744,27755094016, Consumer Discretionary
CAG,705.0,10,-0.08359413361995571,0.015357997401475199,9785920512, Consumer Staples
PAYX,706.0,10,-0.08458841435479258,0.015445854827078392,50834104320, Industrials
TRIP,707.0,10,-0.08569405438766853,0.033044791287929226,1524567680, Other
BIRK,708.0,10,-0.08640830374638209,0.025149117393802795,9061048320, Consumer Discretionary
TAP,709.0,10,-0.08732605853246322,0.016246918647880124,9562888192, Consumer Staples
DAY,710.0,10,-0.09117893577685288,0.025133784382539274,8812640256, Industrials
COTY,711.0,10,-0.09270221915491483,0.02684075274630479,4012533760, Consumer Staples
VNO,712.0,10,-0.09502927482643775,0.025597347793805517,7750895104, Real Estate
WING,713.0,10,-0.09863513536027724,0.0316005453447452,9582413824, Consumer Discretionary
PAYC,714.0,10,-0.10460681500657654,0.02577735452878804,12629705728, Industrials
FRPT,715.0,10,-0.11200728896467227,0.02941405688599455,3329524992, Consumer Staples
HUN,716.0,10,-0.11325692198331783,0.026120124910305482,1815645696, Materials
DOW,717.0,10,-0.11505869137980385,0.022934368347408484,19191304192, Materials
SAM,718.0,10,-0.12511108135937032,0.018093141565803824,2084970752, Consumer Staples
ETSY,719.0,10,-0.1589700925837153,0.027333066885792113,5279797760, Consumer Discretionary
EQIX,720.0,10,-0.16579386918015593,0.01727111528612986,72927002624, Real Estate
